Workbook

Sheet ticket
A1: ticket_id | B1: created_at | C1: closed_at | D1: outlet_id | E1: cms_id | F1: Same_Day | G1: Same_Hour
A2: isu-sjd-457 | B2: 44427.698 | C2: 44430.523 | D2: wrqy-juv-978 | E2: vew-iuvd-12 | F2: =IF(INT(B2)=INT(C2), "Yes", "No") -> No | G2: =IF(AND(INT(B2)=INT(C2), HOUR(B2)=HOUR(C2)), "Yes", "No") -> No | H2: Row Labels | I2: Count of Same_Day | J2: Count of Same_Hour
A3: qer-fal-092 | B3: 44429.465 | C3: 44429.718 | D3: 8woh-k3u-23b | E3: vew-iuvd-12 | F3: =IF(INT(B3)=INT(C3), "Yes", "No") -> Yes | G3: =IF(AND(INT(B3)=INT(C3), HOUR(B3)=HOUR(C3)), "Yes", "No") -> No | H3: 8woh-k3u-23b | I3: 1 | J3: 1
A4: isu-sjd-458 | B4: 44428.386 | C4: 44430.431 | D4: wrqy-juv-979 | E4: vew-iuvd-13 | F4: =IF(INT(B4)=INT(C4), "Yes", "No") -> No | G4: =IF(AND(INT(B4)=INT(C4), HOUR(B4)=HOUR(C4)), "Yes", "No") -> No | H4: wrqy-juv-978 | I4: 1 | J4: 1
A5: isu-sjd-459 | B5: 44428.604 | C5: 44429.705 | D5: wrqy-juv-980 | E5: vew-iuvd-14 | F5: =IF(INT(B5)=INT(C5), "Yes", "No") -> No | G5: =IF(AND(INT(B5)=INT(C5), HOUR(B5)=HOUR(C5)), "Yes", "No") -> No | H5: wrqy-juv-979 | I5: 1 | J5: 1
A6: isu-sjd-460 | B6: 44429.337 | C6: 44431.511 | D6: wrqy-juv-981 | E6: vew-iuvd-15 | F6: =IF(INT(B6)=INT(C6), "Yes", "No") -> No | G6: =IF(AND(INT(B6)=INT(C6), HOUR(B6)=HOUR(C6)), "Yes", "No") -> No | H6: wrqy-juv-980 | I6: 1 | J6: 1
A7: isu-sjd-461 | B7: 44429.434 | C7: 44429.782 | D7: wrqy-juv-982 | E7: vew-iuvd-16 | F7: =IF(INT(B7)=INT(C7), "Yes", "No") -> Yes | G7: =IF(AND(INT(B7)=INT(C7), HOUR(B7)=HOUR(C7)), "Yes", "No") -> No | H7: wrqy-juv-981 | I7: 1 | J7: 1
A8: isu-sjd-462 | B8: 44429.528 | C8: 44430.396 | D8: wrqy-juv-983 | E8: vew-iuvd-17 | F8: =IF(INT(B8)=INT(C8), "Yes", "No") -> No | G8: =IF(AND(INT(B8)=INT(C8), HOUR(B8)=HOUR(C8)), "Yes", "No") -> No | H8: wrqy-juv-982 | I8: 1 | J8: 1
A9: isu-sjd-463 | B9: 44430.33 | C9: 44430.653 | D9: wrqy-juv-984 | E9: vew-iuvd-18 | F9: =IF(INT(B9)=INT(C9), "Yes", "No") -> Yes | G9: =IF(AND(INT(B9)=INT(C9), HOUR(B9)=HOUR(C9)), "Yes", "No") -> No | H9: wrqy-juv-983 | I9: 1 | J9: 1
A10: isu-sjd-464 | B10: 44430.389 | C10: 44431.462 | D10: wrqy-juv-985 | E10: vew-iuvd-19 | F10: =IF(INT(B10)=INT(C10), "Yes", "No") -> No | G10: =IF(AND(INT(B10)=INT(C10), HOUR(B10)=HOUR(C10)), "Yes", "No") -> No | H10: wrqy-juv-984 | I10: 1 | J10: 1
A11: isu-sjd-465 | B11: 44430.49 | C11: 44430.747 | D11: wrqy-juv-986 | E11: vew-iuvd-20 | F11: =IF(INT(B11)=INT(C11), "Yes", "No") -> Yes | G11: =IF(AND(INT(B11)=INT(C11), HOUR(B11)=HOUR(C11)), "Yes", "No") -> No | H11: wrqy-juv-985 | I11: 1 | J11: 1
A12: isu-sjd-466 | B12: 44431.34 | C12: 44431.608 | D12: wrqy-juv-987 | E12: vew-iuvd-21 | F12: =IF(INT(B12)=INT(C12), "Yes", "No") -> Yes | G12: =IF(AND(INT(B12)=INT(C12), HOUR(B12)=HOUR(C12)), "Yes", "No") -> No | H12: wrqy-juv-986 | I12: 1 | J12: 1
A13: isu-sjd-467 | B13: 44431.4 | C13: 44432.452 | D13: wrqy-juv-988 | E13: vew-iuvd-22 | F13: =IF(INT(B13)=INT(C13), "Yes", "No") -> No | G13: =IF(AND(INT(B13)=INT(C13), HOUR(B13)=HOUR(C13)), "Yes", "No") -> No | H13: wrqy-juv-987 | I13: 1 | J13: 1
A14: isu-sjd-468 | B14: 44431.494 | C14: 44431.754 | D14: wrqy-juv-989 | E14: vew-iuvd-23 | F14: =IF(INT(B14)=INT(C14), "Yes", "No") -> Yes | G14: =IF(AND(INT(B14)=INT(C14), HOUR(B14)=HOUR(C14)), "Yes", "No") -> No | H14: wrqy-juv-988 | I14: 1 | J14: 1
... A18: isu-sjd-472 | B18: 44432.511 | C18: 44433.472 | D18: wrqy-juv-993 | E18: vew-iuvd-27 | F18: =IF(INT(B18)=INT(C18), "Yes", "No") -> No | G18: =IF(AND(INT(B18)=INT(C18), HOUR(B18)=HOUR(C18)), "Yes", "No") -> No | H18: wrqy-juv-992 | I18: 1 | J18: 1
H19: wrqy-juv-993 | I19: 1 | J19: 1
H20: Grand Total | I20: 17 | J20: 17

Sheet feedbacks
A1: cms_id | B1: feedback_at | C1: feedback_rating | D1: ticket_created_at
A2: vew-iuvd-12 | B2: 44429.56 | C2: 3 | D2: =_xlfn.XLOOKUP(A2, ticket!E:E, ticket!B:B, "Not Found") -> 44427.698
A3: vew-iuvd-13 | B3: 44430.695 | C3: 5 | D3: =_xlfn.XLOOKUP(A3, ticket!E:E, ticket!B:B, "Not Found") -> 44428.386
A4: vew-iuvd-14 | B4: 44431.504 | C4: 4 | D4: =_xlfn.XLOOKUP(A4, ticket!E:E, ticket!B:B, "Not Found") -> 44428.604
A5: vew-iuvd-15 | B5: 44431.598 | C5: 2 | D5: =_xlfn.XLOOKUP(A5, ticket!E:E, ticket!B:B, "Not Found") -> 44429.337
A6: vew-iuvd-16 | B6: 44432.386 | C6: 5 | D6: =_xlfn.XLOOKUP(A6, ticket!E:E, ticket!B:B, "Not Found") -> 44429.434
A7: vew-iuvd-17 | B7: 44432.483 | C7: 3 | D7: =_xlfn.XLOOKUP(A7, ticket!E:E, ticket!B:B, "Not Found") -> 44429.528
A8: vew-iuvd-18 | B8: 44432.66 | C8: 4 | D8: =_xlfn.XLOOKUP(A8, ticket!E:E, ticket!B:B, "Not Found") -> 44430.33
A9: vew-iuvd-19 | B9: 44433.337 | C9: 1 | D9: =_xlfn.XLOOKUP(A9, ticket!E:E, ticket!B:B, "Not Found") -> 44430.389

Sheet Analysis
A1: outlet_id | B1: Closed same day (count) | C1: Closed same hour (count)
A2: wrqy-juv-9788 | B2: =COUNTIFS(ticket!D:D, A2, ticket!F:F, "Yes") -> 0 | C2: =COUNTIFS(ticket!D:D, A2, ticket!G:G, "Yes") -> 0
A3: woh-k3u-23b | B3: =COUNTIFS(ticket!D:D, A3, ticket!F:F, "Yes") -> 0 | C3: =COUNTIFS(ticket!D:D, A3, ticket!G:G, "Yes") -> 0
